Year, kWh, kvarh, "Peak kW", "peak kVA", "Losses kWh", "Losses kvarh", "Peak Losses kW"
0, 18958780.4866883, 6085724.27370911, 3566.99461966348, 3967.18003739412, 355193.481363734, 1026187.04393952, 112.38978943395
