Year, kWh, kvarh, "Peak kW", "peak kVA", "Losses kWh", "Losses kvarh", "Peak Losses kW"
0, 123309871.467856, 47417475.3536882, 28072.4752668907, 29810.8320807115, 1063466.45966006, 2782585.1942873, 221.969003920365
